Date,google,nvda,amazon
29/09/2016,775.01001,16.607971,829.049988
30/09/2016,777.289978,16.883945,837.309998
3/10/2016,772.559998,16.866697,836.73999
4/10/2016,776.429993,16.829737,834.030029
5/10/2016,776.469971,16.812485,844.359985
6/10/2016,776.859985,16.593184,841.659973
7/10/2016,775.080017,16.472443,839.429993
10/10/2016,785.940002,16.534044,841.710022
11/10/2016,783.070007,16.295027,831
12/10/2016,786.140015,16.368956,834.090027
13/10/2016,778.190002,16.102827,829.280029
14/10/2016,778.530029,16.260529,822.960022
17/10/2016,779.960022,16.166897,812.950012
18/10/2016,795.26001,16.413305,817.650024
19/10/2016,801.5,16.378809,817.690002
20/10/2016,796.969971,16.689285,810.320007
21/10/2016,799.369995,16.642464,818.98999
24/10/2016,813.109985,17.423582,838.090027
25/10/2016,807.669983,17.709417,835.179993
26/10/2016,799.070007,17.780878,822.590027
27/10/2016,795.349976,17.416189,818.359985
28/10/2016,795.369995,17.38662,776.320007
31/10/2016,784.539978,17.534468,789.820007
1/11/2016,783.609985,17.014549,785.409973
2/11/2016,768.700012,16.943087,765.559998
3/11/2016,762.130005,16.745953,767.030029
4/11/2016,762.02002,16.649853,755.049988
7/11/2016,782.52002,17.561569,784.929993
8/11/2016,790.51001,17.534468,787.75
9/11/2016,785.309998,17.238773,771.880005
10/11/2016,762.559998,16.699135,742.380005
11/11/2016,754.02002,21.676603,739.01001
14/11/2016,736.080017,20.60965,719.070007
15/11/2016,758.48999,21.237988,743.23999
16/11/2016,764.47998,22.578459,746.48999
17/11/2016,771.22998,22.765732,756.400024
18/11/2016,760.539978,23.004749,760.159973
21/11/2016,769.200012,22.911112,780
22/11/2016,768.27002,23.076208,785.330017
23/11/2016,760.98999,23.189724,780.119995
25/11/2016,761.679993,23.23661,780.369995
28/11/2016,768.23999,23.224274,766.77002
29/11/2016,770.840027,23.012045,762.52002
30/11/2016,758.039978,22.752928,750.570007
1/12/2016,747.919983,21.627619,743.650024
2/12/2016,750.5,21.827509,740.340027
5/12/2016,762.52002,22.673954,759.359985
6/12/2016,759.109985,23.046591,764.719971
7/12/2016,771.190002,23.461178,770.419983
8/12/2016,776.419983,23.068806,767.330017
9/12/2016,789.289978,22.659147,768.659973
12/12/2016,789.27002,22.108837,760.119995
13/12/2016,796.099976,22.498745,774.340027
14/12/2016,797.070007,23.801727,768.820007
15/12/2016,797.849976,24.359451,761
16/12/2016,790.799988,24.778971,757.77002
19/12/2016,794.200012,25.080042,766
20/12/2016,796.419983,25.953638,771.219971
21/12/2016,794.559998,26.11651,770.599976
22/12/2016,791.26001,26.432386,766.340027
23/12/2016,789.909973,27.091276,760.590027
27/12/2016,791.549988,28.951988,771.400024
28/12/2016,785.049988,26.960491,772.130005
29/12/2016,782.789978,27.498466,765.150024
30/12/2016,771.820007,26.341076,749.869995
3/01/2017,786.140015,25.173817,753.669983
4/01/2017,786.900024,25.761154,757.179993
5/01/2017,794.02002,25.107189,780.450012
6/01/2017,806.150024,25.442804,795.98999
9/01/2017,806.650024,26.474335,796.919983
10/01/2017,804.789978,26.274448,795.900024
11/01/2017,807.909973,25.951172,799.02002
12/01/2017,806.359985,25.526714,813.640015
13/01/2017,807.880005,25.524242,817.140015
17/01/2017,804.609985,24.951719,809.719971
18/01/2017,806.070007,25.40579,807.47998
19/01/2017,802.174988,25.951172,809.039978
20/01/2017,805.02002,25.667372,808.330017
23/01/2017,819.309998,25.933893,817.880005
24/01/2017,823.869995,26.486679,822.440002
25/01/2017,835.669983,26.600199,836.52002
26/01/2017,832.150024,27.059198,839.150024
27/01/2017,823.309998,27.582371,835.77002
30/01/2017,802.320007,27.150511,830.380005
31/01/2017,796.789978,26.943214,823.47998
1/02/2017,795.695007,28.120344,832.349976
2/02/2017,798.530029,28.475706,839.950012
3/02/2017,801.48999,28.226461,810.200012
6/02/2017,801.340027,28.94952,807.640015
7/02/2017,806.969971,29.398657,812.5
8/02/2017,808.380005,29.270332,819.710022
9/02/2017,809.559998,28.720018,821.359985
10/02/2017,813.669983,28.038914,827.460022
13/02/2017,819.23999,26.745796,836.530029
14/02/2017,820.450012,26.844505,836.390015
15/02/2017,818.97998,26.898798,842.700012
16/02/2017,824.159973,26.466936,844.140015
17/02/2017,828.070007,26.461996,845.070007
21/02/2017,831.659973,27.409628,856.440002
22/02/2017,830.76001,27.367622,855.609985
23/02/2017,831.330017,24.830011,852.190002
24/02/2017,828.640015,25.069685,845.23999
27/02/2017,829.280029,25.798605,848.640015
28/02/2017,823.210022,25.074633,845.039978
1/03/2017,835.23999,25.398315,853.080017
2/03/2017,830.630005,24.461855,848.909973
3/03/2017,829.080017,24.321007,849.880005
6/03/2017,827.780029,24.133223,846.609985
7/03/2017,831.909973,24.397608,846.02002
8/03/2017,835.369995,24.353128,850.5
9/03/2017,838.679993,24.348192,853
10/03/2017,843.25,24.491499,852.460022
13/03/2017,845.539978,25.166056,854.590027
14/03/2017,845.619995,25.148756,852.530029
15/03/2017,847.200012,25.339016,852.969971
16/03/2017,848.780029,25.650347,853.419983
17/03/2017,852.119995,26.208775,852.309998
20/03/2017,848.400024,27.043932,856.969971
21/03/2017,830.460022,26.169241,843.200012
22/03/2017,829.590027,26.702946,848.059998
23/03/2017,817.580017,26.4608,847.380005
24/03/2017,814.429993,26.554699,845.609985
27/03/2017,819.51001,26.747425,846.820007
28/03/2017,820.919983,26.609058,856
29/03/2017,831.409973,26.522573,874.320007
30/03/2017,831.5,27.031574,876.340027
31/03/2017,829.559998,26.915447,886.539978
3/04/2017,838.549988,26.779549,891.51001
4/04/2017,834.570007,24.901669,906.830017
5/04/2017,831.409973,24.716352,909.280029
6/04/2017,827.880005,24.896727,898.280029
7/04/2017,824.669983,24.79048,894.880005
10/04/2017,824.72998,24.15793,907.039978
11/04/2017,823.349976,24.24441,902.359985
12/04/2017,824.320007,24.044266,896.22998
13/04/2017,823.559998,23.594563,884.669983
17/04/2017,837.169983,24.518682,901.98999
18/04/2017,836.820007,24.533503,903.780029
19/04/2017,838.210022,24.629869,899.200012
20/04/2017,841.650024,25.020271,902.059998
21/04/2017,843.190002,25.124046,898.530029
24/04/2017,862.76001,25.437853,907.409973
25/04/2017,872.299988,25.88014,907.619995
26/04/2017,871.72998,25.702238,909.289978
27/04/2017,874.25,26.102522,918.380005
28/04/2017,905.960022,25.771421,924.98999
1/05/2017,912.570007,26.349613,948.22998
2/05/2017,916.440002,25.568811,946.940002
3/05/2017,927.039978,25.759069,941.030029
4/05/2017,931.659973,25.660233,937.530029
5/05/2017,927.130005,25.662706,934.150024
8/05/2017,934.299988,25.393381,949.039978
9/05/2017,932.169983,25.435377,952.820007
10/05/2017,928.780029,29.969473,948.950012
11/05/2017,930.599976,31.256809,947.619995
12/05/2017,932.219971,31.600264,961.349976
15/05/2017,937.080017,33.186584,957.969971
16/05/2017,943,33.804298,966.070007
17/05/2017,919.619995,31.558262,944.76001
18/05/2017,930.23999,32.880188,958.48999
19/05/2017,934.01001,33.639545,959.840027
22/05/2017,941.859985,34.356861,970.669983
23/05/2017,948.820007,33.894321,971.539978
24/05/2017,954.960022,34.275234,980.349976
25/05/2017,969.539978,34.198559,993.380005
26/05/2017,971.469971,35.084072,995.780029
30/05/2017,975.880005,35.833542,996.700012
31/05/2017,964.859985,35.70491,994.619995
1/06/2017,966.950012,35.70739,995.950012
2/06/2017,975.599976,35.529293,1006.72998
5/06/2017,983.679993,36.610222,1011.340027
6/06/2017,976.570007,36.444496,1003
7/06/2017,980.940002,36.884766,1010.070007
8/06/2017,983.409973,39.561096,1010.27002
9/06/2017,949.830017,37.003506,978.309998
12/06/2017,942.900024,37.095016,964.909973
13/06/2017,953.400024,37.44873,980.789978
14/06/2017,950.76001,37.527882,976.469971
15/06/2017,942.309998,37.68866,964.169983
16/06/2017,939.780029,37.503139,987.710022
19/06/2017,957.369995,38.91304,995.169983
20/06/2017,950.630005,38.856152,992.590027
21/06/2017,959.450012,39.444843,1002.22998
22/06/2017,957.090027,39.172756,1001.299988
23/06/2017,965.590027,38.049789,1003.73999
26/06/2017,952.27002,37.634239,993.97998
27/06/2017,927.330017,36.256504,976.780029
28/06/2017,940.48999,37.535297,990.330017
29/06/2017,917.789978,36.281235,975.929993
30/06/2017,908.72998,35.756859,968
3/07/2017,898.700012,34.463226,953.659973
5/07/2017,911.710022,35.383362,971.400024
6/07/2017,906.690002,35.489727,965.140015
7/07/2017,918.590027,36.301025,978.76001
10/07/2017,928.799988,38.017643,996.469971
11/07/2017,930.090027,38.556866,994.130005
12/07/2017,943.830017,40.196789,1006.51001
13/07/2017,947.159973,39.731773,1000.630005
14/07/2017,955.98999,40.800316,1001.809998
17/07/2017,953.419983,40.627171,1010.039978
18/07/2017,965.400024,41.050144,1024.449951
19/07/2017,970.890015,40.837425,1026.869995
20/07/2017,968.150024,41.431061,1028.699951
21/07/2017,972.919983,41.579464,1025.670044
24/07/2017,980.340027,41.097134,1038.949951
25/07/2017,950.700012,40.899261,1039.869995
26/07/2017,947.799988,41.3717,1052.800049
27/07/2017,934.090027,40.00634,1046
28/07/2017,941.530029,40.661804,1020.039978
31/07/2017,930.5,40.196789,987.780029
1/08/2017,930.830017,40.686546,996.190002
2/08/2017,930.390015,40.661804,995.890015
3/08/2017,923.650024,41.178761,986.919983
4/08/2017,927.960022,41.359337,987.580017
7/08/2017,929.359985,42.630707,992.27002
8/08/2017,926.789978,42.123646,989.840027
9/08/2017,922.900024,42.571342,982.01001
10/08/2017,907.23999,40.748379,956.919983
11/08/2017,914.390015,38.576649,967.98999
14/08/2017,922.669983,41.653679,983.299988
15/08/2017,922.219971,41.302433,982.73999
16/08/2017,926.960022,40.849785,978.179993
17/08/2017,910.97998,39.939545,960.570007
18/08/2017,910.669983,39.94696,958.469971
21/08/2017,906.659973,39.365688,953.289978
22/08/2017,924.690002,40.242077,966.900024
23/08/2017,927,41.04668,958
24/08/2017,921.280029,40.895664,952.450012
25/08/2017,915.890015,40.554016,945.26001
28/08/2017,913.809998,40.84119,946.02002
29/08/2017,921.289978,40.774353,954.059998
30/08/2017,929.570007,41.016956,967.590027
31/08/2017,939.330017,41.947815,980.599976
1/09/2017,937.340027,42.20034,978.25
5/09/2017,928.450012,41.073914,965.27002
6/09/2017,927.809998,41.049145,967.799988
7/09/2017,935.950012,41.239777,979.469971
8/09/2017,926.5,40.524307,965.900024
11/09/2017,929.080017,41.83889,977.960022
12/09/2017,932.070007,41.98991,982.580017
13/09/2017,935.090027,42.178055,999.599976
14/09/2017,925.109985,41.937912,992.210022
15/09/2017,920.289978,44.589367,986.789978
18/09/2017,915,46.431263,974.190002
19/09/2017,921.809998,46.381756,969.859985
20/09/2017,931.580017,46.007923,973.210022
21/09/2017,932.450012,44.750275,964.650024
22/09/2017,928.530029,44.314568,955.099976
25/09/2017,920.969971,42.334023,939.789978
26/09/2017,924.859985,42.57169,938.599976
27/09/2017,944.48999,43.50502,950.869995
28/09/2017,949.5,43.492638,956.400024
29/09/2017,959.109985,44.257618,961.349976
2/10/2017,953.27002,44.314568,959.190002
3/10/2017,957.789978,44.406162,957.099976
4/10/2017,951.679993,44.777512,965.450012
5/10/2017,969.960022,44.752766,980.849976
6/10/2017,978.890015,44.883968,989.580017
9/10/2017,977,45.89653,990.98999
10/10/2017,972.599976,46.772903,987.200012
11/10/2017,989.25,47.270519,995
12/10/2017,987.830017,47.292797,1000.929993
13/10/2017,989.679993,48.174133,1002.940002
16/10/2017,992,49.001007,1006.340027
17/10/2017,992.179993,48.956451,1009.130005
18/10/2017,992.809998,48.914368,997
19/10/2017,984.450012,48.968826,986.609985
20/10/2017,988.200012,48.746017,982.909973
23/10/2017,968.450012,48.676701,966.299988
24/10/2017,970.539978,49.186687,975.900024
25/10/2017,973.330017,47.943909,972.909973
26/10/2017,972.559998,48.446465,972.429993
27/10/2017,1019.27002,49.973946,1100.949951
30/10/2017,1017.109985,50.464142,1110.849976
31/10/2017,1016.640015,51.199409,1105.280029
1/11/2017,1025.5,51.295963,1103.680054
2/11/2017,1025.579956,50.984032,1094.219971
3/11/2017,1032.47998,51.664837,1111.599976
6/11/2017,1025.900024,51.897556,1120.660034
7/11/2017,1033.329956,52.491711,1123.170044
8/11/2017,1039.849976,51.7812,1132.880005
9/11/2017,1031.26001,50.830536,1129.130005
10/11/2017,1028.069946,53.509209,1125.349976
13/11/2017,1025.75,52.640255,1129.170044
14/11/2017,1026,53.023983,1136.839966
15/11/2017,1020.909973,51.9842,1126.689941
16/11/2017,1032.5,52.387733,1137.290039
17/11/2017,1019.090027,52.325844,1129.880005
20/11/2017,1018.380005,52.999237,1126.310059
21/11/2017,1034.48999,53.486938,1139.48999
22/11/2017,1035.959961,53.246632,1156.160034
24/11/2017,1040.609985,53.749542,1186
27/11/2017,1054.209961,53.050911,1195.829956
28/11/2017,1047.410034,52.20116,1193.599976
29/11/2017,1021.659973,48.660973,1161.27002
30/11/2017,1021.409973,49.723774,1176.75
1/12/2017,1010.169983,48.973122,1162.349976
4/12/2017,998.679993,46.243038,1133.949951
5/12/2017,1005.150024,46.510597,1141.569946
6/12/2017,1018.380005,46.887157,1152.349976
7/12/2017,1030.930054,47.56348,1159.790039
8/12/2017,1037.050049,47.439621,1162
11/12/2017,1041.099976,48.224953,1168.920044
12/12/2017,1040.47998,47.278584,1165.079956
13/12/2017,1040.609985,46.124119,1164.130005
14/12/2017,1049.150024,46.195965,1174.26001
15/12/2017,1064.189941,47.456955,1179.140015
18/12/2017,1077.140015,49.027622,1190.579956
19/12/2017,1070.680054,48.584167,1187.380005
20/12/2017,1064.949951,48.755116,1177.619995
21/12/2017,1063.630005,48.529667,1174.76001
22/12/2017,1060.119995,48.376072,1168.359985
26/12/2017,1056.73999,48.91367,1176.76001
27/12/2017,1049.369995,48.846771,1182.26001
28/12/2017,1048.140015,48.903759,1186.099976
29/12/2017,1046.400024,47.937561,1169.469971
2/01/2018,1065,49.386852,1189.01001
3/01/2018,1082.47998,52.637188,1204.199951
4/01/2018,1086.400024,52.914654,1209.589966
5/01/2018,1102.22998,53.36306,1229.140015
8/01/2018,1106.939941,54.998142,1246.869995
9/01/2018,1106.26001,54.983288,1252.699951
10/01/2018,1102.609985,55.414349,1254.329956
11/01/2018,1105.52002,55.513447,1276.680054
12/01/2018,1122.26001,55.240929,1305.199951
16/01/2018,1121.76001,54.529915,1304.859985
17/01/2018,1131.97998,55.671997,1295
18/01/2018,1129.790039,55.602631,1293.319946
19/01/2018,1137.51001,57.007301,1294.579956
22/01/2018,1155.810059,57.894218,1327.310059
23/01/2018,1169.969971,59.187412,1362.540039
24/01/2018,1164.23999,58.416946,1357.51001
25/01/2018,1170.369995,58.553204,1377.949951
26/01/2018,1175.839966,60.282425,1402.050049
29/01/2018,1175.579956,61.154465,1417.680054
30/01/2018,1163.689941,60.13131,1437.819946
31/01/2018,1169.939941,60.894344,1450.890015
1/02/2018,1167.699951,59.581329,1390
2/02/2018,1111.900024,57.8521,1429.949951
5/02/2018,1055.800049,52.94191,1390
6/02/2018,1080.599976,55.885056,1442.839966
7/02/2018,1048.579956,56.68277,1416.780029
8/02/2018,1001.52002,53.888275,1350.5
9/02/2018,1037.780029,57.495365,1339.599976
12/02/2018,1051.939941,56.492016,1386.22998
13/02/2018,1052.099976,57.631618,1414.51001
14/02/2018,1069.699951,59.809242,1451.050049
15/02/2018,1089.52002,61.06776,1461.76001
16/02/2018,1094.800049,60.408779,1448.689941
20/02/2018,1102.459961,61.706932,1468.349976
21/02/2018,1111.339966,59.831543,1482.920044
22/02/2018,1106.630005,60.027374,1485.339966
23/02/2018,1126.790039,60.964413,1500
26/02/2018,1143.75,61.125546,1521.949951
27/02/2018,1118.290039,60.996643,1511.97998
28/02/2018,1104.72998,59.990196,1512.449951
1/03/2018,1069.52002,57.563328,1493.449951
2/03/2018,1078.920044,58.636688,1500.25
5/03/2018,1090.930054,58.416069,1523.609985
6/03/2018,1095.060059,60.02985,1537.640015
7/03/2018,1109.640015,59.950531,1545
8/03/2018,1126,59.786915,1551.859985
9/03/2018,1160.040039,60.815678,1578.890015
12/03/2018,1164.5,61.913849,1598.390015
13/03/2018,1138.170044,61.405666,1588.180054
14/03/2018,1149.48999,61.660995,1591
15/03/2018,1149.579956,61.809734,1582.319946
16/03/2018,1135.72998,62.092327,1571.680054
19/03/2018,1099.819946,59.742294,1544.930054
20/03/2018,1097.709961,61.869217,1586.51001
21/03/2018,1090.880005,61.616364,1581.859985
22/03/2018,1049.079956,59.953011,1544.920044
23/03/2018,1021.570007,57.75172,1495.560059
26/03/2018,1053.209961,60.604973,1555.859985
27/03/2018,1005.099976,55.904907,1497.050049
28/03/2018,1004.559998,54.871201,1431.420044
29/03/2018,1031.790039,57.40963,1447.339966
2/04/2018,1006.469971,54.796825,1371.98999
3/04/2018,1013.409973,55.86277,1392.050049
4/04/2018,1025.140015,56.083393,1410.569946
5/04/2018,1027.810059,54.878628,1451.75
6/04/2018,1007.039978,53.111156,1405.22998
9/04/2018,1015.450012,53.398705,1406.079956
10/04/2018,1031.640015,56.497372,1436.219971
11/04/2018,1019.969971,56.083393,1427.050049
12/04/2018,1032.51001,58.155785,1448.5
13/04/2018,1029.27002,57.387318,1430.790039
16/04/2018,1037.97998,57.384838,1441.5
17/04/2018,1074.160034,58.884579,1503.829956
18/04/2018,1072.079956,58.594555,1527.839966
19/04/2018,1087.699951,56.777493,1556.910034
20/04/2018,1072.959961,56.69569,1527.48999
23/04/2018,1067.449951,55.498367,1517.859985
24/04/2018,1019.97998,54.834003,1460.089966
25/04/2018,1021.179993,53.708584,1460.170044
26/04/2018,1040.040039,55.830544,1517.959961
27/04/2018,1030.050049,56.105705,1572.619995
30/04/2018,1017.330017,55.751209,1566.130005
1/05/2018,1037.310059,56.306499,1582.26001
2/05/2018,1024.380005,56.100739,1569.680054
3/05/2018,1023.719971,57.756668,1572.079956
4/05/2018,1048.209961,59.261387,1580.949951
7/05/2018,1054.790039,61.646122,1600.140015
8/05/2018,1053.910034,62.072498,1592.390015
9/05/2018,1082.76001,63.406158,1608
10/05/2018,1097.569946,64.484497,1609.079956
11/05/2018,1098.26001,63.096291,1602.910034
14/05/2018,1100.199951,63.302052,1601.540039
15/05/2018,1079.22998,60.872688,1576.119995
16/05/2018,1081.77002,60.984238,1587.280029
17/05/2018,1078.589966,61.405666,1581.76001
18/05/2018,1066.359985,60.966888,1574.369995
21/05/2018,1079.579956,60.545471,1585.459961
22/05/2018,1069.72998,60.163719,1581.400024
23/05/2018,1079.689941,61.40147,1601.859985
24/05/2018,1079.23999,61.438671,1603.069946
25/05/2018,1075.660034,61.833073,1610.150024
29/05/2018,1060.319946,61.661926,1612.869995
30/05/2018,1067.800049,62.753319,1624.890015
31/05/2018,1084.98999,62.554874,1629.619995
1/06/2018,1119.5,63.901772,1641.540039
4/06/2018,1139.290039,65.695168,1665.27002
5/06/2018,1139.660034,65.749725,1696.349976
6/06/2018,1136.880005,65.769577,1695.75
7/06/2018,1123.859985,65.211472,1689.300049
8/06/2018,1120.869995,65.057678,1683.98999
11/06/2018,1129.98999,64.64592,1689.119995
12/06/2018,1139.319946,65.132095,1698.75
13/06/2018,1134.790039,65.087448,1704.859985
14/06/2018,1152.119995,66.206131,1723.859985
15/06/2018,1152.26001,65.796867,1715.969971
18/06/2018,1173.459961,65.754692,1723.790039
19/06/2018,1168.060059,64.534309,1734.780029
20/06/2018,1169.839966,65.065125,1750.079956
21/06/2018,1157.660034,63.775269,1730.219971
22/06/2018,1155.47998,62.247311,1715.670044
25/06/2018,1124.810059,59.312916,1663.150024
26/06/2018,1118.459961,60.024811,1691.089966
27/06/2018,1103.97998,58.469563,1660.51001
28/06/2018,1114.219971,59.744511,1701.449951
29/06/2018,1115.650024,58.762249,1699.800049
2/07/2018,1127.459961,60.086823,1713.780029
3/07/2018,1102.890015,58.747372,1693.959961
5/07/2018,1124.27002,60.208366,1699.72998
6/07/2018,1140.170044,61.349373,1710.630005
9/07/2018,1154.050049,61.82563,1739.02002
10/07/2018,1152.839966,62.817814,1743.069946
11/07/2018,1153.900024,61.398994,1755
12/07/2018,1183.47998,62.316765,1796.619995
13/07/2018,1188.819946,61.842987,1813.030029
16/07/2018,1183.859985,61.565174,1822.48999
17/07/2018,1198.800049,62.926956,1843.930054
18/07/2018,1195.880005,62.433342,1842.920044
19/07/2018,1186.959961,62.515205,1812.969971
20/07/2018,1184.910034,62.232426,1813.699951
23/07/2018,1205.5,61.865318,1802
24/07/2018,1248.079956,61.691681,1829.23999
25/07/2018,1263.699951,62.475513,1863.609985
26/07/2018,1268.329956,63.212215,1808
27/07/2018,1238.5,62.512722,1817.27002
30/07/2018,1219.73999,60.555634,1779.219971
31/07/2018,1217.26001,60.73671,1777.439941
1/08/2018,1220.01001,61.136059,1797.170044
2/08/2018,1226.150024,62.165455,1834.329956
3/08/2018,1223.709961,62.532562,1823.290039
6/08/2018,1224.77002,63.011295,1847.75
7/08/2018,1242.219971,63.735588,1862.47998
8/08/2018,1245.609985,64.10022,1886.52002
9/08/2018,1249.099976,63.614033,1898.52002
10/08/2018,1237.609985,63.199802,1886.300049
13/08/2018,1235.01001,63.529709,1896.199951
14/08/2018,1242.099976,64.846832,1919.650024
15/08/2018,1214.380005,64.263931,1882.619995
16/08/2018,1206.48999,63.857124,1886.52002
17/08/2018,1200.959961,60.726784,1882.219971
20/08/2018,1207.77002,61.475883,1876.709961
21/08/2018,1201.619995,62.835182,1883.420044
22/08/2018,1207.329956,65.19162,1904.900024
23/08/2018,1205.380005,66.188774,1902.900024
24/08/2018,1220.650024,67.52327,1905.390015
27/08/2018,1241.819946,68.436066,1927.680054
28/08/2018,1231.150024,68.059052,1932.819946
29/08/2018,1249.300049,69.116295,1998.099976
30/08/2018,1239.119995,68.94754,2002.380005
31/08/2018,1218.189941,69.659805,2012.709961
4/09/2018,1197,70.409332,2039.51001
5/09/2018,1186.47998,69.098923,1994.819946
6/09/2018,1171.439941,67.684288,1958.310059
7/09/2018,1164.829956,67.47084,1952.069946
10/09/2018,1164.640015,68.183136,1939.01001
11/09/2018,1177.359985,67.70414,1987.150024
12/09/2018,1162.819946,66.562515,1990
13/09/2018,1175.329956,67.341782,1989.869995
14/09/2018,1172.530029,68.605034,1970.189941
17/09/2018,1156.050049,67.984589,1908.030029
18/09/2018,1161.219971,67.262367,1941.050049
19/09/2018,1171.089966,67.500656,1926.420044
20/09/2018,1186.869995,66.085983,1944.300049
21/09/2018,1166.089966,65.383636,1915.01001
24/09/2018,1173.369995,65.942055,1934.359985
25/09/2018,1184.650024,66.614632,1974.550049
26/09/2018,1180.48999,66.24482,1974.849976
27/09/2018,1194.640015,66.36396,2012.97998
28/09/2018,1193.469971,69.744202,2003
1/10/2018,1195.310059,71.814018,2004.359985
2/10/2018,1200.109985,71.099281,1971.310059
3/10/2018,1202.949951,71.161324,1952.76001
4/10/2018,1168.189941,69.31485,1909.420044
5/10/2018,1157.349976,66.974487,1889.650024
8/10/2018,1148.969971,65.959412,1864.420044
9/10/2018,1138.819946,65.902344,1870.319946
10/10/2018,1081.219971,60.975918,1755.25
11/10/2018,1079.319946,58.355114,1719.359985
12/10/2018,1110.079956,61.186874,1788.609985
15/10/2018,1092.25,58.417164,1760.949951
16/10/2018,1121.280029,61.010662,1819.959961
17/10/2018,1115.689941,60.323196,1831.72998
18/10/2018,1087.969971,59.447113,1770.719971
19/10/2018,1096.459961,56.87595,1764.030029
22/10/2018,1101.160034,57.38472,1789.300049
23/10/2018,1103.689941,54.863186,1768.699951
24/10/2018,1050.709961,49.49004,1664.199951
25/10/2018,1095.569946,51.582214,1782.170044
26/10/2018,1071.469971,49.212074,1642.810059
29/10/2018,1020.080017,46.0676,1538.880005
30/10/2018,1036.209961,50.381012,1530.420044
31/10/2018,1076.77002,52.32428,1598.01001
1/11/2018,1070,54.131054,1665.530029
2/11/2018,1057.790039,53.339352,1665.530029
5/11/2018,1040.089966,52.557575,1627.800049
6/11/2018,1055.810059,52.381351,1642.810059
7/11/2018,1093.390015,53.058903,1755.48999
8/11/2018,1082.400024,51.123077,1754.910034
9/11/2018,1066.150024,51.043663,1712.430054
12/11/2018,1038.630005,47.040474,1636.849976
13/11/2018,1036.050049,49.465221,1631.170044
14/11/2018,1043.660034,48.939075,1599.01001
15/11/2018,1064.709961,50.229622,1619.439941
16/11/2018,1061.48999,40.808628,1593.410034
19/11/2018,1020,35.91198,1512.290039
20/11/2018,1025.76001,36.999031,1495.459961
21/11/2018,1037.609985,35.914471,1516.72998
23/11/2018,1023.880005,35.986443,1502.060059
26/11/2018,1048.619995,37.984306,1581.329956
27/11/2018,1044.410034,38.153065,1581.420044
28/11/2018,1086.22998,39.726547,1677.75
29/11/2018,1088.300049,39.093044,1673.569946
30/11/2018,1094.430054,40.601017,1690.170044
3/12/2018,1106.430054,42.243149,1772.359985
4/12/2018,1050.819946,39.030937,1668.400024
6/12/2018,1068.72998,39.324093,1699.189941
7/12/2018,1036.579956,36.670853,1629.130005
10/12/2018,1039.550049,37.726677,1641.030029
11/12/2018,1051.75,36.814938,1643.23999
12/12/2018,1063.680054,36.991322,1663.540039
13/12/2018,1061.900024,36.988842,1658.380005
14/12/2018,1042.099976,36.382664,1591.910034
17/12/2018,1016.530029,35.66967,1520.910034
18/12/2018,1028.709961,36.504406,1551.47998
19/12/2018,1023.01001,34.41013,1495.079956
20/12/2018,1009.409973,33.562988,1460.829956
21/12/2018,979.539978,32.189163,1377.449951
24/12/2018,976.219971,31.57057,1343.959961
26/12/2018,1039.459961,33.066116,1470.900024
27/12/2018,1043.880005,32.586651,1461.640015
28/12/2018,1037.079956,33.202763,1478.02002
31/12/2018,1035.609985,33.165493,1501.969971
2/01/2019,1045.849976,33.841225,1539.130005
3/01/2019,1016.059998,31.79664,1500.280029
4/01/2019,1070.709961,33.833775,1575.390015
7/01/2019,1068.390015,35.624954,1629.51001
8/01/2019,1076.280029,34.738064,1656.579956
9/01/2019,1074.660034,35.421246,1659.420044
10/01/2019,1070.329956,36.079582,1656.219971
11/01/2019,1057.189941,36.97393,1640.560059
14/01/2019,1044.689941,37.373913,1617.209961
15/01/2019,1077.150024,37.232304,1674.560059
16/01/2019,1080.969971,36.976418,1683.780029
17/01/2019,1089.900024,37.691902,1693.219971
18/01/2019,1098.26001,38.986217,1696.199951
22/01/2019,1070.52002,36.959034,1632.170044
23/01/2019,1075.569946,37.088215,1640.02002
24/01/2019,1073.900024,39.212292,1654.930054
25/01/2019,1090.98999,39.786167,1670.569946
28/01/2019,1070.079956,34.285919,1637.890015
29/01/2019,1060.619995,32.693478,1593.880005
30/01/2019,1089.060059,34.131893,1670.430054
31/01/2019,1116.369995,35.711903,1718.72998
1/02/2019,1110.75,35.955364,1626.22998
4/02/2019,1132.800049,37.06089,1633.310059
5/02/2019,1145.98999,37.252174,1658.810059
6/02/2019,1115.22998,38.009892,1640.26001
7/02/2019,1098.709961,36.623646,1614.369995
8/02/2019,1095.060059,36.809963,1588.219971
11/02/2019,1095.01001,36.382664,1591
12/02/2019,1121.369995,37.555267,1638.01001
13/02/2019,1120.160034,37.98008,1640
14/02/2019,1121.670044,38.389996,1622.650024
15/02/2019,1113.650024,39.088074,1607.949951
19/02/2019,1118.560059,38.914181,1627.579956
20/02/2019,1113.800049,39.388683,1622.099976
21/02/2019,1096.969971,38.698048,1619.439941
22/02/2019,1110.369995,39.547672,1631.560059
25/02/2019,1109.400024,39.423462,1633
26/02/2019,1115.130005,39.028458,1636.400024
27/02/2019,1116.050049,38.608612,1641.089966
28/02/2019,1119.920044,38.362408,1639.829956
1/03/2019,1140.98999,38.907032,1671.72998
4/03/2019,1147.800049,38.989101,1696.170044
5/03/2019,1162.030029,38.924446,1692.430054
6/03/2019,1157.859985,37.81282,1668.949951
7/03/2019,1143.300049,37.118973,1625.949951
8/03/2019,1142.319946,37.46217,1620.800049
11/03/2019,1175.76001,40.073376,1670.619995
12/03/2019,1193.199951,40.416565,1673.099976
13/03/2019,1193.319946,41.933544,1690.810059
14/03/2019,1185.550049,41.172565,1686.219971
15/03/2019,1184.459961,42.229485,1712.359985
18/03/2019,1184.26001,42.015617,1742.150024
19/03/2019,1198.849976,43.696751,1761.849976
20/03/2019,1223.969971,43.37096,1797.27002
21/03/2019,1231.540039,45.743435,1819.26001
22/03/2019,1205.5,44.141888,1764.77002
25/03/2019,1193,43.216774,1774.26001
26/03/2019,1184.619995,43.985214,1783.76001
27/03/2019,1173.02002,43.893208,1765.699951
28/03/2019,1168.48999,44.079716,1773.420044
29/03/2019,1173.310059,44.654182,1780.75
1/04/2019,1194.430054,45.330605,1814.189941
2/04/2019,1200.48999,45.50967,1813.97998
3/04/2019,1205.920044,46.90728,1820.699951
4/04/2019,1215,46.817749,1818.859985
5/04/2019,1207.150024,47.486721,1837.280029
8/04/2019,1203.839966,47.695614,1849.859985
9/04/2019,1197.25,47.066441,1835.839966
10/04/2019,1202.160034,47.772709,1847.329956
11/04/2019,1204.619995,47.633446,1844.069946
12/04/2019,1217.869995,47.25296,1843.060059
15/04/2019,1221.099976,45.932426,1844.869995
16/04/2019,1227.130005,46.805325,1863.040039
17/04/2019,1236.339966,46.576527,1864.819946
18/04/2019,1236.369995,46.330338,1861.689941
22/04/2019,1248.839966,46.869984,1887.310059
23/04/2019,1264.550049,47.417088,1923.77002
24/04/2019,1256,47.541435,1901.75
25/04/2019,1263.449951,46.482033,1902.25
26/04/2019,1272.180054,44.288612,1950.630005
29/04/2019,1287.579956,44.596985,1938.430054
30/04/2019,1188.47998,45.012295,1926.52002
1/05/2019,1168.079956,44.880489,1911.52002
2/05/2019,1162.609985,45.556915,1900.819946
3/05/2019,1185.400024,45.512154,1962.459961
6/05/2019,1189.390015,44.726303,1950.550049
7/05/2019,1174.099976,43.050152,1921
8/05/2019,1166.27002,43.251583,1917.77002
9/05/2019,1162.380005,42.323986,1899.869995
10/05/2019,1164.27002,41.983292,1889.97998
13/05/2019,1132.030029,39.404408,1822.680054
14/05/2019,1120.439941,40.297192,1840.119995
15/05/2019,1164.209961,39.685425,1871.150024
16/05/2019,1178.97998,39.837128,1907.569946
17/05/2019,1162.300049,38.926929,1869
20/05/2019,1138.849976,37.738197,1858.969971
21/05/2019,1149.630005,38.561363,1857.52002
22/05/2019,1151.420044,37.850117,1859.680054
23/05/2019,1140.77002,36.636528,1815.47998
24/05/2019,1133.469971,36.096867,1823.280029
28/05/2019,1134.150024,35.644264,1836.430054
29/05/2019,1116.459961,34.900692,1819.189941
30/05/2019,1117.949951,34.634289,1816.319946
31/05/2019,1103.630005,33.725552,1775.069946
3/06/2019,1036.22998,33.307285,1692.689941
4/06/2019,1053.050049,35.602783,1729.560059
5/06/2019,1042.219971,35.174561,1738.5
6/06/2019,1044.339966,35.796986,1754.359985
7/06/2019,1066.040039,36.225216,1804.030029
10/06/2019,1080.380005,36.9547,1860.630005
11/06/2019,1078.719971,37.53231,1863.699951
12/06/2019,1077.030029,36.399498,1855.319946
13/06/2019,1088.77002,36.912365,1870.300049
14/06/2019,1085.349976,36.011097,1869.670044
17/06/2019,1092.5,36.108192,1886.030029
18/06/2019,1103.599976,38.062622,1901.369995
19/06/2019,1102.329956,38.122368,1908.790039
20/06/2019,1111.420044,38.366364,1918.189941
21/06/2019,1121.880005,37.783764,1911.300049
24/06/2019,1115.52002,38.007847,1913.900024
25/06/2019,1086.349976,37.714058,1878.27002
26/06/2019,1079.800049,39.651047,1897.829956
27/06/2019,1076.01001,40.639465,1904.280029
28/06/2019,1080.910034,40.888432,1893.630005
1/07/2019,1097.949951,41.371437,1922.189941
2/07/2019,1111.25,40.390491,1934.310059
3/07/2019,1121.579956,40.519962,1939
5/07/2019,1131.589966,39.892548,1942.910034
8/07/2019,1116.349976,39.140663,1952.319946
9/07/2019,1124.829956,39.165554,1988.300049
10/07/2019,1140.47998,39.850227,2017.410034
11/07/2019,1144.209961,41.398819,2001.069946
12/07/2019,1144.900024,41.72995,2011
15/07/2019,1150.339966,41.645306,2020.98999
16/07/2019,1153.579956,41.598,2009.900024
17/07/2019,1146.349976,42.252796,1992.030029
18/07/2019,1146.329956,42.369808,1977.900024
19/07/2019,1130.099976,41.9366,1964.52002
22/07/2019,1138.069946,42.653637,1985.630005
23/07/2019,1146.209961,43.734169,1994.48999
24/07/2019,1137.810059,44.481079,2000.810059
25/07/2019,1132.119995,43.166515,1973.819946
26/07/2019,1250.410034,43.587276,1943.050049
29/07/2019,1239.410034,43.525032,1912.449951
30/07/2019,1225.140015,43.681881,1898.530029
31/07/2019,1216.680054,42.006317,1866.780029
1/08/2019,1209.01001,41.060223,1855.319946
2/08/2019,1193.98999,40.131565,1823.23999
5/08/2019,1152.319946,37.542267,1765.130005
6/08/2019,1169.949951,37.930664,1787.829956
7/08/2019,1173.98999,38.314075,1793.400024
8/08/2019,1204.800049,39.402081,1832.890015
9/08/2019,1188.01001,38.386276,1807.579956
12/08/2019,1174.709961,37.706589,1784.920044
13/08/2019,1197.27002,38.85186,1824.339966
14/08/2019,1164.290039,37.36301,1762.959961
15/08/2019,1167.26001,37.039349,1776.119995
16/08/2019,1177.599976,39.725739,1792.569946
19/08/2019,1198.449951,42.519188,1816.119995
20/08/2019,1182.689941,41.794689,1801.380005
21/08/2019,1191.25,42.631222,1823.540039
22/08/2019,1189.530029,42.693466,1804.660034
23/08/2019,1151.290039,40.442783,1749.619995
26/08/2019,1168.890015,41.192181,1768.869995
27/08/2019,1167.839966,40.283436,1761.829956
28/08/2019,1171.02002,40.178764,1764.25
29/08/2019,1192.849976,41.619244,1786.400024
30/08/2019,1188.099976,41.746334,1776.290039
3/09/2019,1168.390015,40.913956,1789.839966
4/09/2019,1181.410034,42.057865,1800.619995
5/09/2019,1211.380005,44.794262,1840.719971
6/09/2019,1204.930054,44.522614,1833.51001
9/09/2019,1204.410034,44.983665,1831.349976
10/09/2019,1206,45.651573,1820.550049
11/09/2019,1220.170044,45.938175,1822.98999
12/09/2019,1234.25,45.923218,1843.550049
13/09/2019,1239.560059,45.342537,1839.339966
16/09/2019,1231.300049,44.9114,1807.839966
17/09/2019,1229.150024,45.125725,1822.550049
18/09/2019,1232.410034,44.854073,1817.459961
19/09/2019,1238.709961,44.096462,1821.5
20/09/2019,1229.930054,43.037285,1794.160034
23/09/2019,1234.030029,43.573097,1785.300049
24/09/2019,1218.76001,42.997414,1741.609985
25/09/2019,1246.52002,44.417946,1768.329956
26/09/2019,1241.390015,44.196144,1739.839966
27/09/2019,1225.089966,42.805511,1725.449951
30/09/2019,1219,43.381207,1735.910034
1/10/2019,1205.099976,43.363762,1735.650024
2/10/2019,1176.630005,43.124504,1713.22998
3/10/2019,1187.829956,45.185539,1724.420044
4/10/2019,1209,45.350018,1739.650024
7/10/2019,1207.680054,45.938175,1732.660034
8/10/2019,1189.130005,44.168724,1705.51001
9/10/2019,1202.310059,45.036011,1721.98999
10/10/2019,1208.670044,45.614185,1720.26001
11/10/2019,1215.449951,46.351875,1731.920044
14/10/2019,1217.140015,46.48645,1736.430054
15/10/2019,1243.01001,48.938744,1767.380005
16/10/2019,1243.640015,48.400436,1777.430054
17/10/2019,1253.069946,48.420368,1787.47998
18/10/2019,1245.48999,47.473347,1757.51001
21/10/2019,1246.150024,48.849026,1785.660034
22/10/2019,1242.800049,48.74934,1765.72998
23/10/2019,1259.130005,48.619747,1762.170044
24/10/2019,1260.98999,49.06086,1780.780029
25/10/2019,1265.130005,50.974842,1761.329956
28/10/2019,1290,51.535583,1777.079956
29/10/2019,1262.619995,50.571114,1762.709961
30/10/2019,1261.290039,50.591053,1779.98999
31/10/2019,1260.109985,50.097603,1776.660034
1/11/2019,1273.73999,50.488876,1791.439941
4/11/2019,1291.369995,52.460178,1804.660034
5/11/2019,1292.030029,52.238373,1801.709961
6/11/2019,1291.800049,51.74493,1795.77002
7/11/2019,1308.859985,51.921871,1788.199951
8/11/2019,1311.369995,51.78231,1785.880005
11/11/2019,1299.189941,51.881989,1771.650024
12/11/2019,1298.800049,52.238373,1778
13/11/2019,1298,51.979195,1753.109985
14/11/2019,1311.459961,52.283234,1754.599976
15/11/2019,1334.869995,50.887623,1739.48999
18/11/2019,1320.699951,52.903786,1752.530029
19/11/2019,1315.459961,51.834648,1752.790039
20/11/2019,1303.050049,52.62965,1745.530029
21/11/2019,1301.349976,52.380428,1734.709961
22/11/2019,1295.339966,52.557373,1745.719971
25/11/2019,1306.689941,55.129295,1773.839966
26/11/2019,1313.550049,54.080086,1796.939941
27/11/2019,1312.98999,54.429253,1818.51001
29/11/2019,1304.959961,54.055153,1800.800049
2/12/2019,1289.920044,52.187134,1781.599976
3/12/2019,1295.280029,51.790585,1769.959961
4/12/2019,1320.540039,52.22953,1760.689941
5/12/2019,1328.130005,52.05994,1740.47998
6/12/2019,1340.619995,52.915386,1751.599976
9/12/2019,1343.560059,52.915386,1749.51001
10/12/2019,1344.660034,53.366802,1739.209961
11/12/2019,1345.02002,54.204784,1748.719971
12/12/2019,1350.27002,55.883259,1760.329956
13/12/2019,1347.829956,55.863308,1760.939941
16/12/2019,1361.170044,56.152607,1769.209961
17/12/2019,1355.119995,56.935734,1790.660034
18/12/2019,1352.619995,57.239998,1784.030029
19/12/2019,1356.040039,58.72393,1792.280029
20/12/2019,1349.589966,59.699089,1786.5
23/12/2019,1348.839966,59.561916,1793
24/12/2019,1343.560059,59.512039,1789.209961
26/12/2019,1360.400024,59.654194,1868.77002
27/12/2019,1351.890015,59.075588,1869.800049
30/12/2019,1336.140015,57.940815,1846.890015
31/12/2019,1337.02002,58.684029,1847.839966
2/01/2020,1367.369995,59.833767,1898.01001
3/01/2020,1360.660034,58.876064,1874.969971
6/01/2020,1394.209961,59.122974,1902.880005
7/01/2020,1393.339966,59.838753,1906.859985
8/01/2020,1404.319946,59.950985,1891.969971
9/01/2020,1419.829956,60.609406,1901.050049
10/01/2020,1429.72998,60.933628,1883.160034
13/01/2020,1439.22998,62.844036,1891.300049
14/01/2020,1430.880005,61.671856,1869.439941
15/01/2020,1439.199951,61.24538,1862.02002
16/01/2020,1451.699951,62.083363,1877.939941
17/01/2020,1480.390015,62.170654,1864.719971
21/01/2020,1484.400024,61.836456,1892
22/01/2020,1485.949951,62.377651,1887.459961
23/01/2020,1486.650024,63.063503,1884.579956
24/01/2020,1466.709961,62.469936,1861.640015
27/01/2020,1433.900024,59.906094,1828.339966
28/01/2020,1452.560059,61.843945,1853.25
29/01/2020,1458.630005,61.237896,1858
30/01/2020,1455.839966,61.305229,1870.680054
31/01/2020,1434.22998,58.965851,2008.719971
3/02/2020,1485.939941,59.938515,2004.199951
4/02/2020,1447.069946,61.634445,2049.669922
5/02/2020,1448.22998,62.539768,2039.869995
6/02/2020,1476.22998,63.410175,2050.22998
7/02/2020,1479.22998,62.746769,2079.280029
10/02/2020,1508.680054,65.584953,2133.909912
11/02/2020,1508.790039,66.812004,2150.800049
12/02/2020,1518.27002,67.971718,2160
13/02/2020,1514.660034,67.532768,2149.870117
14/02/2020,1520.73999,72.27388,2134.870117
18/02/2020,1519.670044,73.964828,2155.669922
19/02/2020,1526.689941,78.486465,2170.219971
20/02/2020,1518.150024,76.990067,2153.100098
21/02/2020,1485.109985,73.341324,2095.969971
24/02/2020,1421.589966,68.156281,2009.290039
25/02/2020,1388.449951,65.355507,1972.73999
26/02/2020,1393.180054,66.752151,1979.589966
27/02/2020,1318.089966,63.036346,1884.300049
28/02/2020,1339.329956,67.395973,1883.75
2/03/2020,1389.109985,68.983131,1953.949951
3/03/2020,1341.390015,66.352875,1908.98999
4/03/2020,1386.52002,70.999496,1975.829956
5/03/2020,1319.040039,68.199539,1924.030029
6/03/2020,1298.410034,66.390312,1901.089966
9/03/2020,1215.560059,61.249569,1800.609985
10/03/2020,1280.390015,65.152527,1891.819946
11/03/2020,1215.410034,61.506607,1820.859985
12/03/2020,1114.910034,53.980175,1676.609985
13/03/2020,1219.72998,60.101639,1785
16/03/2020,1084.329956,49.011627,1689.150024
17/03/2020,1119.800049,54.219742,1807.839966
18/03/2020,1096.800049,50.613743,1830
19/03/2020,1115.290039,53.146679,1880.930054
20/03/2020,1072.319946,51.344925,1846.089966
23/03/2020,1056.619995,53.076797,1902.829956
24/03/2020,1134.459961,62.18288,1940.099976
25/03/2020,1102.48999,61.294487,1885.839966
26/03/2020,1161.75,64.194252,1955.48999
27/03/2020,1110.709961,63.06879,1900.099976
30/03/2020,1146.819946,66.278,1963.949951
31/03/2020,1162.810059,65.781403,1949.719971
1/04/2020,1105.619995,60.658131,1907.699951
2/04/2020,1120.839966,63.752556,1918.829956
3/04/2020,1097.880005,60.867756,1906.589966
6/04/2020,1186.920044,66.979225,1997.589966
7/04/2020,1186.51001,64.640945,2011.599976
8/04/2020,1210.280029,66.617393,2043
9/04/2020,1211.449951,65.619194,2042.76001
13/04/2020,1217.560059,67.341087,2168.870117
14/04/2020,1269.22998,70.859734,2283.320068
15/04/2020,1262.469971,70.083649,2307.679932
16/04/2020,1263.469971,73.542412,2408.189941
17/04/2020,1283.25,72.948471,2375
20/04/2020,1266.609985,71.633339,2393.610107
21/04/2020,1216.339966,67.256248,2328.120117
22/04/2020,1263.209961,71.408752,2363.48999
23/04/2020,1276.310059,70.874725,2399.449951
24/04/2020,1279.310059,72.267212,2410.219971
27/04/2020,1275.880005,74.13633,2376
28/04/2020,1233.670044,72.708916,2314.080078
29/04/2020,1341.47998,74.480705,2372.709961
30/04/2020,1348.660034,72.938499,2474
1/05/2020,1320.609985,70.567772,2286.040039
4/05/2020,1326.800049,72.691437,2315.98999
5/05/2020,1351.109985,73.302841,2317.800049
6/05/2020,1347.300049,74.313515,2351.26001
7/05/2020,1372.560059,76.080322,2367.610107
8/05/2020,1388.369995,77.984398,2379.610107
11/05/2020,1403.26001,80.509834,2409
12/05/2020,1375.73999,77.884575,2356.949951
13/05/2020,1349.329956,77.659981,2367.919922
14/05/2020,1356.130005,80.160477,2388.850098
15/05/2020,1373.189941,84.754692,2409.780029
18/05/2020,1383.939941,87.345032,2426.26001
19/05/2020,1373.484985,87.89653,2449.330078
20/05/2020,1406.719971,89.538567,2497.939941
21/05/2020,1402.800049,87.594566,2446.73999
22/05/2020,1410.420044,90.100052,2436.879883
26/05/2020,1417.02002,87.020592,2421.860107
27/05/2020,1417.839966,85.099068,2410.389893
28/05/2020,1416.72998,84.717262,2401.100098
29/05/2020,1428.920044,88.595261,2442.370117
1/06/2020,1431.819946,87.904007,2471.040039
2/06/2020,1439.219971,88.093674,2472.409912
3/06/2020,1436.380005,87.53717,2478.399902
4/06/2020,1412.180054,87.547165,2460.600098
5/06/2020,1438.390015,89.080101,2483
8/06/2020,1446.609985,87.931648,2524.060059
9/06/2020,1456.160034,90.338402,2600.860107
10/06/2020,1465.849976,93.541603,2647.449951
11/06/2020,1403.839966,87.844261,2557.959961
12/06/2020,1413.180054,89.204926,2545.02002
15/06/2020,1419.849976,91.614182,2572.679932
16/06/2020,1442.719971,90.563103,2615.27002
17/06/2020,1451.119995,92.235847,2640.97998
18/06/2020,1435.959961,92.056091,2653.97998
19/06/2020,1431.719971,92.488014,2675.01001
22/06/2020,1451.859985,95.139435,2713.820068
23/06/2020,1464.410034,94.372978,2764.409912
24/06/2020,1431.969971,92.230858,2734.399902
25/06/2020,1441.329956,94.772438,2754.580078
26/06/2020,1359.900024,91.426949,2692.870117
29/06/2020,1394.969971,91.876335,2680.379883
30/06/2020,1413.609985,94.849823,2758.820068
1/07/2020,1438.040039,95.171906,2878.699951
2/07/2020,1464.699951,95.993294,2890.300049
6/07/2020,1495.699951,98.260246,3057.040039
7/07/2020,1485.180054,98.584801,3000.120117
8/07/2020,1496,102.022682,3081.110107
9/07/2020,1510.98999,104.94873,3182.629883
10/07/2020,1541.73999,104.651649,3200
13/07/2020,1511.339966,100.387383,3104
14/07/2020,1520.579956,103.630508,3084
15/07/2020,1513.640015,102.135025,3008.870117
16/07/2020,1518,101.211273,2999.899902
17/07/2020,1515.550049,101.877869,2961.969971
20/07/2020,1565.719971,104.966209,3196.840088
21/07/2020,1558.420044,103.146172,3138.290039
22/07/2020,1568.48999,104.247185,3099.909912
23/07/2020,1515.680054,101.161339,2986.550049
24/07/2020,1511.869995,101.807961,3008.909912
27/07/2020,1530.199951,104.074913,3055.209961
28/07/2020,1500.339966,102.017685,3000.330078
29/07/2020,1522.02002,104.51432,3033.530029
30/07/2020,1531.449951,105.99733,3051.879883
31/07/2020,1482.959961,106.004814,3164.679932
3/08/2020,1474.449951,109.954491,3111.889893
4/08/2020,1464.969971,112.126572,3138.830078
5/08/2020,1473.609985,112.715782,3205.030029
6/08/2020,1500.099976,113.202629,3225
7/08/2020,1494.48999,111.84446,3167.459961
10/08/2020,1496.099976,111.499916,3148.159912
11/08/2020,1480.319946,108.354149,3080.669922
12/08/2020,1506.619995,114.248711,3162.23999
13/08/2020,1518.449951,114.276184,3161.02002
14/08/2020,1507.72998,115.484558,3148.02002
17/08/2020,1517.97998,123.204163,3182.409912
18/08/2020,1558.599976,122.442696,3312.48999
19/08/2020,1547.530029,121.22184,3260.47998
20/08/2020,1581.75,121.246803,3297.370117
21/08/2020,1580.420044,126.664505,3284.719971
24/08/2020,1588.199951,127.031509,3307.459961
25/08/2020,1608.219971,127.328621,3346.48999
26/08/2020,1652.380005,127.558304,3441.850098
27/08/2020,1634.329956,126.112762,3400
28/08/2020,1644.410034,131.300766,3401.800049
31/08/2020,1634.180054,133.565216,3450.959961
1/09/2020,1660.709961,138.065536,3499.120117
2/09/2020,1728.280029,143.315018,3531.449951
3/09/2020,1641.839966,130.018951,3368
4/09/2020,1591.040039,126.093033,3294.620117
8/09/2020,1532.390015,119.005455,3149.840088
9/09/2020,1556.959961,127.017082,3268.610107
10/09/2020,1532.02002,122.9888,3175.110107
11/09/2020,1520.719971,121.51783,3116.219971
14/09/2020,1519.280029,128.587921,3102.969971
15/09/2020,1541.439941,129.77417,3156.129883
16/09/2020,1520.900024,125.014168,3078.100098
17/09/2020,1495.530029,124.504707,3008.72998
18/09/2020,1459.98999,121.765068,2954.909912
21/09/2020,1431.160034,125.041641,2960.469971
22/09/2020,1465.459961,126.245384,3128.98999
23/09/2020,1415.209961,121.110756,2999.860107
24/09/2020,1428.290039,123.350914,3019.790039
25/09/2020,1444.959961,128.602921,3095.129883
28/09/2020,1464.52002,130.21373,3174.050049
29/09/2020,1469.329956,132.119232,3144.879883
30/09/2020,1469.599976,135.163528,3148.72998
1/10/2020,1490.089966,136.00267,3221.26001
2/10/2020,1458.420044,130.485947,3125
5/10/2020,1486.02002,136.282379,3199.199951
6/10/2020,1453.439941,137.22139,3099.959961
7/10/2020,1460.290039,139.494003,3195.689941
8/10/2020,1485.930054,138.242828,3190.550049
9/10/2020,1515.219971,137.483627,3286.649902
12/10/2020,1569.150024,142.111282,3442.929932
13/10/2020,1571.680054,142.333542,3443.629883
14/10/2020,1568.079956,140.805161,3363.709961
15/10/2020,1559.130005,139.55394,3338.649902
16/10/2020,1573.01001,137.970627,3272.709961
19/10/2020,1534.609985,134.83638,3207.209961
20/10/2020,1555.930054,136.312347,3217.01001
21/10/2020,1593.310059,135.10611,3184.939941
22/10/2020,1615.329956,133.470337,3176.399902
23/10/2020,1641,135.760422,3204.399902
26/10/2020,1590.449951,131.275116,3207.040039
27/10/2020,1604.26001,133.827454,3286.330078
28/10/2020,1516.619995,126.137993,3162.780029
29/10/2020,1567.23999,130.103851,3211.01001
30/10/2020,1621.01001,125.208961,3036.149902
2/11/2020,1626.030029,125.675987,3004.47998
3/11/2020,1650.209961,130.058899,3048.409912
4/11/2020,1749.130005,137.798309,3241.159912
5/11/2020,1763.369995,141.451965,3322
6/11/2020,1761.75,145.467773,3311.370117
9/11/2020,1763,136.165009,3143.73999
10/11/2020,1740.390015,127.566498,3035.02002
11/11/2020,1752.709961,134.039719,3137.389893
12/11/2020,1749.839966,134.426819,3110.280029
13/11/2020,1777.02002,132.830978,3128.810059
16/11/2020,1781.380005,135.011215,3131.060059
17/11/2020,1770.150024,134.082199,3135.659912
18/11/2020,1746.780029,134.147125,3105.459961
19/11/2020,1763.920044,134.262009,3117.02002
20/11/2020,1742.189941,130.740677,3099.399902
23/11/2020,1734.859985,131.262634,3098.389893
24/11/2020,1768.880005,129.442032,3118.060059
25/11/2020,1771.430054,132.209137,3185.070068
27/11/2020,1793.189941,132.473862,3195.340088
30/11/2020,1760.73999,133.874893,3168.040039
1/12/2020,1798.099976,133.759995,3220.080078
2/12/2020,1827.949951,135.303406,3203.530029
3/12/2020,1826.77002,133.859512,3186.72998
4/12/2020,1827.98999,135.480774,3162.580078
7/12/2020,1819.47998,135.965408,3158
8/12/2020,1818.550049,133.399826,3177.290039
9/12/2020,1784.130005,129.210464,3104.199951
10/12/2020,1775.329956,129.625183,3101.48999
11/12/2020,1781.77002,130.034866,3116.419922
14/12/2020,1760.060059,132.98764,3156.969971
15/12/2020,1767.77002,133.504761,3165.120117
16/12/2020,1763,132.325638,3240.959961
17/12/2020,1747.900024,133.312408,3236.080078
18/12/2020,1731.01001,132.620422,3201.649902
21/12/2020,1739.369995,133.222458,3206.179932
22/12/2020,1723.5,132.682861,3206.52002
23/12/2020,1732.380005,129.994888,3185.27002
24/12/2020,1738.849976,129.840012,3172.689941
28/12/2020,1776.089966,128.903214,3283.959961
29/12/2020,1758.719971,129.335388,3322
30/12/2020,1739.52002,131.358871,3285.850098
31/12/2020,1751.880005,130.452057,3256.929932
4/01/2021,1728.23999,131.036606,3186.629883
5/01/2021,1740.920044,133.94693,3218.51001
6/01/2021,1735.290039,126.050354,3138.379883
7/01/2021,1787.25,133.339874,3162.159912
8/01/2021,1807.209961,132.667877,3182.699951
11/01/2021,1766.719971,136.112808,3114.209961
12/01/2021,1746.550049,134.746323,3120.830078
13/01/2021,1754.400024,135.215973,3165.889893
14/01/2021,1740.180054,131.903458,3127.469971
15/01/2021,1736.189941,128.49852,3104.25
19/01/2021,1790.859985,130.15477,3120.76001
20/01/2021,1886.900024,133.55722,3263.379883
21/01/2021,1891.25,138.570953,3306.98999
22/01/2021,1901.050049,137.02211,3292.22998
25/01/2021,1899.400024,136.430069,3294
26/01/2021,1917.23999,134.251694,3326.129883
27/01/2021,1830.790039,129.080582,3232.580078
28/01/2021,1863.109985,130.412079,3237.620117
29/01/2021,1835.73999,129.800064,3206.199951
1/02/2021,1901.349976,132.270676,3342.879883
2/02/2021,1927.51001,135.465775,3380
3/02/2021,2070.070068,135.203461,3312.530029
4/02/2021,2062.370117,136.539978,3331
5/02/2021,2098,135.808029,3352.149902
8/02/2021,2092.909912,144.27916,3322.939941
9/02/2021,2083.51001,142.525482,3305
10/02/2021,2095.379883,147.531723,3286.580078
11/02/2021,2095.889893,152.393066,3262.129883
12/02/2021,2104.110107,149.500259,3277.709961
16/02/2021,2121.899902,153.187469,3268.949951
17/02/2021,2128.310059,148.948151,3308.639893
18/02/2021,2117.199951,148.178726,3328.22998
19/02/2021,2101.139893,149.153015,3249.899902
22/02/2021,2064.879883,143.449799,3180.73999
23/02/2021,2070.860107,141.313889,3194.5
24/02/2021,2095.169922,144.88121,3159.530029
25/02/2021,2031.359985,132.975159,3057.159912
26/02/2021,2036.859985,137.042114,3092.929932
1/03/2021,2081.51001,138.313644,3146.139893
2/03/2021,2075.840088,133.961899,3094.530029
3/03/2021,2026.709961,127.951424,3005
4/03/2021,2049.090088,123.60968,2977.570068
5/03/2021,2108.540039,124.5215,3000.459961
8/03/2021,2024.170044,115.84552,2951.949951
9/03/2021,2052.699951,125.151749,3062.850098
10/03/2021,2055.030029,124.631958,3057.639893
11/03/2021,2114.77002,129.882324,3113.590088
12/03/2021,2061.919922,128.507889,3089.48999
15/03/2021,2066.48999,131.859039,3081.679932
16/03/2021,2092.52002,132.858627,3091.860107
17/03/2021,2091.080078,133.358414,3135.72998
18/03/2021,2036.219971,127.173424,3027.98999
19/03/2021,2043.199951,128.405426,3074.959961
22/03/2021,2038.589966,131.809036,3110.870117
23/03/2021,2052.959961,130.654526,3137.5
24/03/2021,2045.060059,126.378746,3087.070068
25/03/2021,2044.359985,125.301682,3046.26001
26/03/2021,2035.550049,128.340439,3052.030029
29/03/2021,2055.949951,129.430008,3075.72998
30/03/2021,2055.540039,128.665329,3055.290039
31/03/2021,2068.629883,133.428391,3094.080078
1/04/2021,2137.75,138.061493,3161
5/04/2021,2225.550049,139.818298,3226.72998
6/04/2021,2224.75,138.558807,3223.820068
7/04/2021,2249.679932,141.37767,3279.389893
8/04/2021,2265.439941,143.111969,3299.300049
9/04/2021,2285.879883,143.94162,3372.199951
12/04/2021,2254.790039,152.028351,3379.389893
13/04/2021,2267.27002,156.73143,3400
14/04/2021,2254.840088,152.708069,3333
15/04/2021,2296.659912,161.307068,3379.090088
16/04/2021,2297.76001,159.060486,3399.439941
19/04/2021,2302.399902,153.555222,3372.01001
20/04/2021,2293.629883,151.650986,3334.689941
21/04/2021,2293.290039,153.542725,3362.02002
22/04/2021,2267.919922,148.442307,3309.040039
23/04/2021,2315.300049,152.590607,3340.879883
26/04/2021,2326.73999,154.717255,3409
27/04/2021,2307.120117,153.755157,3417.429932
28/04/2021,2379.909912,152.705582,3458.5
29/04/2021,2429.889893,153.185364,3471.310059
30/04/2021,2410.120117,150.034164,3467.419922
3/05/2021,2395.169922,148.307358,3386.48999
4/05/2021,2354.25,143.454315,3311.870117
5/05/2021,2356.73999,144.526382,3270.540039
6/05/2021,2381.350098,145.171127,3306.370117
7/05/2021,2398.689941,148.062439,3291.610107
10/05/2021,2341.659912,142.59967,3190.48999
11/05/2021,2308.76001,143.004501,3223.909912
12/05/2021,2239.080078,137.529221,3151.939941
13/05/2021,2261.969971,136.597092,3161.469971
14/05/2021,2316.159912,142.372253,3222.899902
17/05/2021,2321.409912,141.597565,3270.389893
18/05/2021,2303.429932,140.100693,3232.280029
19/05/2021,2308.709961,140.600479,3231.800049
20/05/2021,2356.090088,146.065765,3247.679932
21/05/2021,2345.100098,149.85672,3203.080078
24/05/2021,2406.669922,156.056702,3244.98999
25/05/2021,2409.070068,156.414063,3259.050049
26/05/2021,2433.530029,156.936356,3265.159912
27/05/2021,2402.51001,154.817215,3230.110107
28/05/2021,2411.560059,162.37915,3223.070068
1/06/2021,2429.810059,162.579071,3218.649902
2/06/2021,2421.280029,167.714478,3233.98999
3/06/2021,2404.610107,169.628693,3187.01001
4/06/2021,2451.76001,175.711243,3206.219971
7/06/2021,2466.090088,176.118576,3198.01001
8/06/2021,2482.850098,174.499237,3264.110107
9/06/2021,2491.399902,173.551895,3281.149902
10/06/2021,2521.600098,174.219284,3349.649902
11/06/2021,2513.929932,178.221069,3346.830078
14/06/2021,2527.040039,180.155731,3383.870117
15/06/2021,2520.659912,177.853638,3383.129883
16/06/2021,2513.929932,178.071091,3415.25
17/06/2021,2527.419922,186.539597,3489.23999
18/06/2021,2511.350098,186.35463,3486.899902
21/06/2021,2529.100098,184.240021,3453.959961
22/06/2021,2539.98999,188.834198,3505.439941
23/06/2021,2529.22998,190.538895,3503.820068
24/06/2021,2545.639893,192.021133,3449.080078
25/06/2021,2539.899902,190.276443,3401.459961
28/06/2021,2536.389893,199.814774,3443.889893
29/06/2021,2520.370117,200.232193,3448.139893
30/06/2021,2506.320068,199.989731,3440.159912
1/07/2021,2527.370117,202.084366,3432.969971
2/07/2021,2574.379883,204.833878,3510.97998
6/07/2021,2595.419922,206.948502,3675.73999
7/07/2021,2601.550049,203.68158,3696.580078
8/07/2021,2583.540039,198.992401,3731.409912
9/07/2021,2591.48999,200.467148,3719.340088
12/07/2021,2611.280029,205.088837,3718.550049
13/07/2021,2619.889893,202.464294,3677.360107
14/07/2021,2641.649902,198.380005,3681.679932
15/07/2021,2625.330078,189.629074,3631.199951
16/07/2021,2636.909912,181.577988,3573.629883
19/07/2021,2585.080078,187.764389,3549.590088
20/07/2021,2622.030029,186.087173,3573.189941
21/07/2021,2652.01001,194.065781,3585.199951
22/07/2021,2666.570068,195.905457,3638.030029
23/07/2021,2756.320068,195.545517,3656.639893
26/07/2021,2792.889893,192.905991,3699.820068
27/07/2021,2735.929932,192.046143,3626.389893
28/07/2021,2727.629883,194.995605,3630.320068
29/07/2021,2730.810059,196.585327,3599.919922
30/07/2021,2704.419922,194.955627,3327.590088
2/08/2021,2719.790039,197.465179,3331.47998
3/08/2021,2725.600098,198.115051,3366.23999
4/08/2021,2720.570068,202.704254,3354.719971
5/08/2021,2738.800049,206.333603,3375.98999
6/08/2021,2740.719971,203.6241,3344.939941
9/08/2021,2760.040039,202.914215,3341.870117
10/08/2021,2761.929932,199.324844,3320.679932
11/08/2021,2753.790039,196.955276,3292.110107
12/08/2021,2767.790039,199.014908,3303.5
13/08/2021,2768.120117,201.844406,3293.969971
16/08/2021,2778.320068,199.464828,3298.98999
17/08/2021,2746.01001,194.5457,3241.959961
18/08/2021,2731.399902,190.366425,3201.219971
19/08/2021,2738.27002,197.945084,3187.75
20/08/2021,2768.73999,208.123306,3199.949951
23/08/2021,2821.98999,219.54129,3265.870117
24/08/2021,2847.969971,217.891571,3305.780029
25/08/2021,2859,222.090836,3299.179932
26/08/2021,2842.459961,220.641083,3316
27/08/2021,2891.01001,226.320084,3349.629883
30/08/2021,2909.389893,226.839996,3421.570068
31/08/2021,2909.23999,223.850006,3470.790039
1/09/2021,2916.840088,224.410004,3479
2/09/2021,2884.379883,223.960007,3463.120117
3/09/2021,2895.5,228.429993,3478.050049
7/09/2021,2910.379883,226.619995,3509.290039
8/09/2021,2897.669922,223.389999,3525.5
9/09/2021,2898.27002,221.770004,3484.159912
10/09/2021,2838.419922,224.779999,3469.149902
13/09/2021,2869.300049,221.520004,3457.169922
14/09/2021,2868.120117,222.419998,3450
15/09/2021,2904.120117,223.410004,3475.790039
16/09/2021,2887.469971,222.419998,3488.23999
17/09/2021,2829.27002,219,3462.52002
20/09/2021,2780.340088,211.130005,3355.72998
21/09/2021,2792.929932,212.460007,3343.629883
22/09/2021,2818.77002,219.410004,3380.050049
23/09/2021,2836.530029,224.820007,3416
24/09/2021,2852.659912,220.809998,3425.52002
27/09/2021,2830.02002,216.600006,3405.800049
28/09/2021,2723.679932,206.990005,3315.959961
